Domain,Category,Status,Purpose / Target Buyer,Priority,Notes
thebergerongroup.com,Brand & Identity,Owned,Primary team brand — redirect to hub or build brand site,HIGH,
nancybergeron.com,Brand & Identity,Owned,Personal brand — bio site or redirect to hub,HIGH,
bergeronteam.com,Brand & Identity,Owned,Short team brand — redirect to hub,Medium,
nancybergeronteam.com,Brand & Identity,Owned,Team brand variant — redirect to hub,Medium,
bergeronrealtygroup.com,Brand & Identity,Owned,Professional brand — redirect to hub,Medium,
brgreviews.com,Brand & Identity,Owned,Reviews & reputation showcase site,HIGH,
kellerwilliamshotsprings.com,Brokerage / Corporate,Owned,Captures KW brand searches — build or redirect,HIGH,
kwhotsprings.com,Brokerage / Corporate,Owned,Short KW brand — redirect to above,Medium,
kellerwilliamsrealtyhotsprings.com,Brokerage / Corporate,Owned,Full name variant — redirect,Low,
thebergerongroup.com,Anchor / Hub Sites,Owned,THE HUB — main site [ALREADY BUILT],BUILT,
realestatehotsprings.com,Anchor / Hub Sites,Owned,Broad Hot Springs RE — spoke site,HIGH,
hotspringspropertygroup.com,Anchor / Hub Sites,Owned,General RE brand site,HIGH,
hotspringsrealtygroup.com,Anchor / Hub Sites,Owned,General RE brand variant,Medium,
propertyforsaleinhotsprings.com,Anchor / Hub Sites,Owned,Buyer search intent — build niche site,HIGH,
hotspringshomesforsale.ai,Anchor / Hub Sites,Owned,"Modern AI domain — trendy, tech-forward",HIGH,
lakehamiltonhomesforsale.com,Lake & Waterfront,Owned,#1 lake keyword — full niche site,HIGH,
lakehamiltonhomesforsale.ai,Lake & Waterfront,Owned,AI variant — redirect or secondary,Medium,
hotspringsnationalparkhomesforsale.com,Park Avenue & Historic District,Owned,National Park proximity niche,HIGH,
hotspringsparkavenuerealestate.com,Park Avenue & Historic District,Owned,Park Ave luxury niche,HIGH,
hotspringsparkavenueproperty.com,Park Avenue & Historic District,Owned,Park Ave variant — redirect to above,Low,
hotspringsparkavenuepropertyforsale.com,Park Avenue & Historic District,Owned,Long variant — redirect,Low,
hotspringshistoricdistrictproperty.com,Park Avenue & Historic District,Owned,Historic district niche site,HIGH,
cabinshotsprings.com,Vacation Rentals & Cabins,Owned,Cabin rental/sales niche,HIGH,
rememberwhencabins.com,Vacation Rentals & Cabins,Owned,Branded cabin property,Medium,
lakedegraycabins.com,Vacation Rentals & Cabins,Owned,Lake DeGray niche,Medium,
naturalchoicerealty.com,Niche & Lifestyle,Owned,"Tagline-branded — ""The Natural Choice""",Medium,
letsmaketheoffer.com,Niche & Lifestyle,Owned,Buyer engagement / app concept,Medium,
retirehotsprings.com,New — Retirement,Register Now,Retirees researching Hot Springs,HIGH,AVAILABLE
hsvhomesforsale.com,New — Hot Springs Village,Register Now,HSV buyers (massive market),HIGH,AVAILABLE
hotspringsluxuryhomes.com,New — Luxury,Register Now,High-end buyers ($500K+),HIGH,AVAILABLE
lakefronthotsprings.com,New — Lake / Waterfront,Register Now,Waterfront home seekers,HIGH,AVAILABLE
hotspringslakehomes.com,New — Lake / Waterfront,Register Now,Lake home searchers,HIGH,AVAILABLE
hotsprings55plus.com,New — Retirement / 55+,Register Now,Active adult community seekers,HIGH,AVAILABLE
relocatetohotsprings.com,New — Relocation,Register Now,Families moving to AR,HIGH,AVAILABLE
sellinginhotsprings.com,New — Seller-Focused,Register Now,Homeowners ready to list,HIGH,AVAILABLE
hotspringsinvestments.com,New — Investment / Airbnb,Register Now,Investors seeking rental income,HIGH,AVAILABLE
hotspringsrental.com,New — Rentals / STR,Register Now,Short-term rental investors,HIGH,AVAILABLE
newtohotsprings.com,New — Relocation,Register Now,Newcomers exploring the area,HIGH,AVAILABLE
hotspringsacreage.com,"Niche — Land, Acreage & Rural Property",Register Now,Buyers wanting space and privacy,,AVAILABLE
hotspringslandforsale.com,"Niche — Land, Acreage & Rural Property",Register Now,Direct land-search keyword capture,,AVAILABLE
ouachitalandforsale.com,"Niche — Land, Acreage & Rural Property",Register Now,Ouachita Mountain land buyers,,AVAILABLE
hotspringshomestead.com,"Niche — Land, Acreage & Rural Property",Register Now,Self-sufficiency / homesteading movement,,AVAILABLE
hotspringslotsforsale.com,"Niche — Land, Acreage & Rural Property",Register Now,Builders & buyers looking for building lots,,AVAILABLE
arkansasranchland.com,"Niche — Land, Acreage & Rural Property",Register Now,Ranch & large-acreage investors statewide,,AVAILABLE
arkansasfarmland.com,"Niche — Land, Acreage & Rural Property",Register Now,Agricultural investors and hobby farmers,,AVAILABLE
hotspringsruralproperty.com,"Niche — Land, Acreage & Rural Property",Register Now,Rural lifestyle seekers escaping cities,,AVAILABLE
arkansashuntingland.com,"Niche — Hunting, Timber & Recreational Land",Register Now,"Out-of-state hunters, land investors",,AVAILABLE
arkansastimberland.com,"Niche — Hunting, Timber & Recreational Land",Register Now,Generational wealth / timber investors,,AVAILABLE
arkansashuntingproperty.com,"Niche — Hunting, Timber & Recreational Land",Register Now,Trophy deer & turkey hunting land buyers,,AVAILABLE
ouachitahuntingland.com,"Niche — Hunting, Timber & Recreational Land",Register Now,Ouachita Forest recreational land seekers,,AVAILABLE
arkansasdeercamp.com,"Niche — Hunting, Timber & Recreational Land",Register Now,Hunting camp & cabin land buyers,,AVAILABLE
hotspringsrecland.com,"Niche — Hunting, Timber & Recreational Land",Register Now,"Recreational land for ATV, camping, fishing",,AVAILABLE
arkansaswildlifeproperty.com,"Niche — Hunting, Timber & Recreational Land",Register Now,Conservation-minded land investors,,AVAILABLE
lakehamiltonboatslips.com,"Niche — Lake, Waterfront & Marina",Register Now,Boat owners seeking dock access,,AVAILABLE
lakehamiltonmarina.com,"Niche — Lake, Waterfront & Marina",Register Now,Marina business & boat slip investors,,AVAILABLE
lakecatherinehomes.com,"Niche — Lake, Waterfront & Marina",Register Now,Lake Catherine waterfront buyers,,AVAILABLE
lakedegrayrealestate.com,"Niche — Lake, Waterfront & Marina",Register Now,Lake DeGray home & cabin buyers,,AVAILABLE
hotspringswaterfrontlots.com,"Niche — Lake, Waterfront & Marina",Register Now,Buyers wanting to build on the water,,AVAILABLE
lakehamiltonrentals.com,"Niche — Lake, Waterfront & Marina",Register Now,Lake rental investors & vacation rental buyers,,AVAILABLE
lakehamiltonluxury.com,"Niche — Lake, Waterfront & Marina",Register Now,High-end waterfront buyers ($500K+),,AVAILABLE
lakebalboahomes.com,"Niche — Lake, Waterfront & Marina",Register Now,Lake Balboa community buyers,,AVAILABLE
hotspringsfixerupper.com,Niche — Fix & Flip / Bargain Properties,Register Now,HGTV-inspired flippers and renovators,,AVAILABLE
fliphotsprings.com,Niche — Fix & Flip / Bargain Properties,Register Now,House flippers seeking deals,,AVAILABLE
hotspringsforeclosures.com,Niche — Fix & Flip / Bargain Properties,Register Now,Bargain hunters searching foreclosure deals,,AVAILABLE
hotspringshomesunder100k.com,Niche — Fix & Flip / Bargain Properties,Register Now,Budget buyers & starter home seekers,,AVAILABLE
hotspringshomesunder200k.com,Niche — Fix & Flip / Bargain Properties,Register Now,Affordable home buyers in the mid-range,,AVAILABLE
hotspringsforsalebyowner.com,Niche — Fix & Flip / Bargain Properties,Register Now,FSBO leads — sellers who need help,,AVAILABLE
hotspringshandymanspecial.com,Niche — Fix & Flip / Bargain Properties,Register Now,DIY buyers looking for project homes,,AVAILABLE
hotspringsdistressedhomes.com,Niche — Fix & Flip / Bargain Properties,Register Now,Wholesale & distressed property investors,,AVAILABLE
hotspringsincomeproperty.com,Niche — Investment & Income Property,Register Now,Passive income investors,,AVAILABLE
hotspringsduplex.com,Niche — Investment & Income Property,Register Now,"Cash flow investors, house hackers",,AVAILABLE
hotspringsmultifamily.com,Niche — Investment & Income Property,Register Now,Multi-unit apartment building investors,,AVAILABLE
hotspringsairbnb.com,Niche — Investment & Income Property,Register Now,Short-term rental investors (Airbnb/VRBO),,AVAILABLE
hotspringsinvestmentproperty.com,Niche — Investment & Income Property,Register Now,Broad investment property keyword capture,,AVAILABLE
arkansasrentalproperties.com,Niche — Investment & Income Property,Register Now,Statewide rental property investors,,AVAILABLE
hotspringsapartmentsforsale.com,Niche — Investment & Income Property,Register Now,Apartment complex investors,,AVAILABLE
hotspringsfourplex.com,Niche — Investment & Income Property,Register Now,FHA-eligible 4-unit house hackers,,AVAILABLE
ownerfinancehotsprings.com,Niche — Owner Finance & Creative Finance,Register Now,Buyers seeking owner-financed deals,,AVAILABLE
hotspringsownerfinance.com,Niche — Owner Finance & Creative Finance,Register Now,Alternate keyword targeting,,AVAILABLE
hotspringsrenttoown.com,Niche — Owner Finance & Creative Finance,Register Now,Rent-to-own / lease-option buyers,,AVAILABLE
arkansasownerfinance.com,Niche — Owner Finance & Creative Finance,Register Now,Statewide owner-finance searches,,AVAILABLE
hotspringsleaseoption.com,Niche — Owner Finance & Creative Finance,Register Now,Lease-option & contract-for-deed seekers,,AVAILABLE
hotspringsnomonedown.com,Niche — Owner Finance & Creative Finance,Register Now,Zero-down / low-barrier-to-entry buyers,,AVAILABLE
hotspringsMHP.com,Niche — Mobile & Manufactured Homes,Register Now,Mobile home park investors (high-cap-rate),,AVAILABLE
hotspringsmobilehomes.com,Niche — Mobile & Manufactured Homes,Register Now,Affordable mobile home buyers,,AVAILABLE
arkansasmobilehomeparks.com,Niche — Mobile & Manufactured Homes,Register Now,MHP investors seeking statewide deals,,AVAILABLE
hotspringsmanufacturedhomes.com,Niche — Mobile & Manufactured Homes,Register Now,Modern manufactured home buyers,,AVAILABLE
hotspringsmobilehomepark.com,Niche — Mobile & Manufactured Homes,Register Now,Park owners & investors (singular keyword),,AVAILABLE
hotspringsrvpark.com,Niche — RV Parks & Campgrounds,Register Now,RV park investors (booming post-COVID niche),,AVAILABLE
arkansasrvparkforsale.com,Niche — RV Parks & Campgrounds,Register Now,Statewide RV park & resort investors,,AVAILABLE
hotspringscampground.com,Niche — RV Parks & Campgrounds,Register Now,Campground & glamping business buyers,,AVAILABLE
arkansascampgroundforsale.com,Niche — RV Parks & Campgrounds,Register Now,Campground acquisition investors,,AVAILABLE
hotspringsrvresort.com,Niche — RV Parks & Campgrounds,Register Now,Luxury RV resort developers & investors,,AVAILABLE
hotspringsglamping.com,Niche — RV Parks & Campgrounds,Register Now,Glamping business entrepreneurs,,AVAILABLE
hotspringsbandb.com,"Niche — Hospitality, B&Bs & Venues",Register Now,Lifestyle + income buyers (tourism market),,AVAILABLE
hotspringsbedandbreakfast.com,"Niche — Hospitality, B&Bs & Venues",Register Now,B&B keyword variant,,AVAILABLE
hotspringsweddingvenue.com,"Niche — Hospitality, B&Bs & Venues",Register Now,"Venue investors, event entrepreneurs",,AVAILABLE
arkansaseventvenues.com,"Niche — Hospitality, B&Bs & Venues",Register Now,Commercial venue buyers statewide,,AVAILABLE
hotspringsretreatcenter.com,"Niche — Hospitality, B&Bs & Venues",Register Now,Wellness retreat & spiritual center buyers,,AVAILABLE
hotspringsboutiquehotel.com,"Niche — Hospitality, B&Bs & Venues",Register Now,Boutique hotel investors (historic district),,AVAILABLE
hotspringsresortproperty.com,"Niche — Hospitality, B&Bs & Venues",Register Now,Resort & spa property investors,,AVAILABLE
arkansaswineryforsale.com,"Niche — Hospitality, B&Bs & Venues",Register Now,Winery / vineyard lifestyle buyers,,AVAILABLE
hotspringsinnforsale.com,"Niche — Hospitality, B&Bs & Venues",Register Now,Small inn & lodge buyers,,AVAILABLE
hotspringsequestrian.com,"Niche — Equestrian, Ranch & Farm",Register Now,Horse property buyers (Oaklawn culture),,AVAILABLE
arkansashorseranch.com,"Niche — Equestrian, Ranch & Farm",Register Now,Ranch and equestrian buyers statewide,,AVAILABLE
hotspringshorseproperty.com,"Niche — Equestrian, Ranch & Farm",Register Now,Equestrian homes with pasture & barns,,AVAILABLE
arkansascattleranch.com,"Niche — Equestrian, Ranch & Farm",Register Now,Cattle ranch buyers & ag investors,,AVAILABLE
hotspringsfarmandranch.com,"Niche — Equestrian, Ranch & Farm",Register Now,Farm & ranch combo property seekers,,AVAILABLE
arkansasequestrianproperty.com,"Niche — Equestrian, Ranch & Farm",Register Now,High-end horse estate buyers statewide,,AVAILABLE
hotspringstinyhomes.com,Niche — Tiny Homes & Alternative Living,Register Now,"Minimalists, retirees downsizing",,AVAILABLE
arkansastinyhouse.com,Niche — Tiny Homes & Alternative Living,Register Now,Tiny home movement statewide,,AVAILABLE
hotspringsoffgrid.com,Niche — Tiny Homes & Alternative Living,Register Now,Off-grid & self-sufficient living seekers,,AVAILABLE
arkansascontainerhomes.com,Niche — Tiny Homes & Alternative Living,Register Now,Container & modular home buyers,,AVAILABLE
hotspringsbarndominiums.com,Niche — Tiny Homes & Alternative Living,Register Now,Barndominium builders & buyers (huge trend),,AVAILABLE
arkansasbarndominiums.com,Niche — Tiny Homes & Alternative Living,Register Now,Statewide barndo keyword capture,,AVAILABLE
hotspringsecovillage.com,Niche — Tiny Homes & Alternative Living,Register Now,Eco-community & sustainable living seekers,,AVAILABLE
hotspringsseniorliving.com,Niche — Senior Living & 55+ Communities,Register Now,Assisted living facility investors,,AVAILABLE
hotspringsassistedliving.com,Niche — Senior Living & 55+ Communities,Register Now,Assisted living & memory care investors,,AVAILABLE
arkansasretirementcommunity.com,Niche — Senior Living & 55+ Communities,Register Now,Statewide retirement community seekers,,AVAILABLE
hotspringsactiveadult.com,Niche — Senior Living & 55+ Communities,Register Now,Active adult / 55+ community buyers,,AVAILABLE
hotspringsindependentliving.com,Niche — Senior Living & 55+ Communities,Register Now,Independent living facility investors,,AVAILABLE
retireinhotsprings.com,Niche — Senior Living & 55+ Communities,Register Now,Retirement lifestyle keyword variant,,AVAILABLE
hotspringsnewconstruction.com,Niche — New Construction & Development,Register Now,Buyers wanting brand-new builds,,AVAILABLE
hotspringscustomhomes.com,Niche — New Construction & Development,Register Now,Custom home buyers & builders,,AVAILABLE
hotspringsnewbuildhomes.com,Niche — New Construction & Development,Register Now,New build keyword variant,,AVAILABLE
hotspringshomebuilder.com,Niche — New Construction & Development,Register Now,Builder referrals & new construction leads,,AVAILABLE
hotspringssubdivision.com,Niche — New Construction & Development,Register Now,Subdivision & planned community buyers,,AVAILABLE
hotspringsmodelkomes.com,Niche — New Construction & Development,Register Now,Model home & spec home shoppers,,AVAILABLE
hotspringsgolfhomes.com,Niche — Golf & Country Club Properties,Register Now,Golf course community home buyers,,AVAILABLE
hsvgolfhomes.com,Niche — Golf & Country Club Properties,Register Now,Hot Springs Village golf community buyers,,AVAILABLE
arkansasgolfcourseforsale.com,Niche — Golf & Country Club Properties,Register Now,Golf course & country club investors,,AVAILABLE
hotspringsgolfproperty.com,Niche — Golf & Country Club Properties,Register Now,Golf course-adjacent property seekers,,AVAILABLE
hotspringscountryclubrealestate.com,Niche — Golf & Country Club Properties,Register Now,Country club lifestyle buyers,,AVAILABLE
hotspringsbusinessforsale.com,Niche — Commercial & Business Property,Register Now,Small business buyers,,AVAILABLE
hotspringscommercialrealestate.com,Niche — Commercial & Business Property,Register Now,Broad commercial RE keyword capture,,AVAILABLE
hotspringsretailspace.com,Niche — Commercial & Business Property,Register Now,Retail & storefront buyers/lessees,,AVAILABLE
hotspringswarehouse.com,Niche — Commercial & Business Property,Register Now,Industrial & warehouse investors,,AVAILABLE
hotspringsofficesforsale.com,Niche — Commercial & Business Property,Register Now,Office building investors,,AVAILABLE
hotspringsrestaurantforsale.com,Niche — Commercial & Business Property,Register Now,Restaurant & food service buyers,,AVAILABLE
hotspringscarwashforsale.com,Niche — Commercial & Business Property,Register Now,Car wash investors (recession-proof niche),,AVAILABLE
hotspringslaundromat.com,Niche — Commercial & Business Property,Register Now,Laundromat investors (passive income),,AVAILABLE
arkansasstorageforsale.com,Niche — Self-Storage Facilities,Register Now,Storage facility investors statewide,,AVAILABLE
hotspringsstorageforsale.com,Niche — Self-Storage Facilities,Register Now,Local self-storage facility investors,,AVAILABLE
hotspringsministorage.com,Niche — Self-Storage Facilities,Register Now,Mini-storage keyword variant,,AVAILABLE
arkansasselfstorage.com,Niche — Self-Storage Facilities,Register Now,Self-storage developers statewide,,AVAILABLE
hotspringsvacationhomes.com,Niche — Vacation & Second Homes,Register Now,Out-of-state vacation home buyers,,AVAILABLE
hotspringssecondhome.com,Niche — Vacation & Second Homes,Register Now,"Second-home seekers (Dallas, Memphis, LR)",,AVAILABLE
hotspringsgetaway.com,Niche — Vacation & Second Homes,Register Now,Weekend getaway property buyers,,AVAILABLE
arkansasvacationproperty.com,Niche — Vacation & Second Homes,Register Now,Statewide vacation property searches,,AVAILABLE
hotspringslakehouse.com,Niche — Vacation & Second Homes,Register Now,Lake house vacation home buyers,,AVAILABLE
hotspringsweekendhome.com,Niche — Vacation & Second Homes,Register Now,Weekend retreat seekers from nearby metros,,AVAILABLE
hotspringsvillagerealestate.com,Niche — Neighborhood & Community-Specific,Register Now,HSV community-specific buyers,,AVAILABLE
royalhomesforsale.com,Niche — Neighborhood & Community-Specific,Register Now,Royal / Lonsdale area home buyers,,AVAILABLE
jessivillerealestate.com,Niche — Neighborhood & Community-Specific,Register Now,Jessieville community buyers,,AVAILABLE
mountainpinerealestate.com,Niche — Neighborhood & Community-Specific,Register Now,Mountain Pine area home buyers,,AVAILABLE
pearcyrealestate.com,Niche — Neighborhood & Community-Specific,Register Now,Pearcy area home buyers,,AVAILABLE
garlandcountyhomes.com,Niche — Neighborhood & Community-Specific,Register Now,Garland County-wide home searches,,AVAILABLE
salinesiderealestate.com,Niche — Neighborhood & Community-Specific,Register Now,Saline County buyers near Hot Springs,,AVAILABLE
bentonrealestate.com,Niche — Neighborhood & Community-Specific,Register Now,Benton area spillover market,,AVAILABLE
hotspringsfirsttimebuyer.com,Niche — First-Time Buyers & Relocation,Register Now,First-time home buyers in Hot Springs,,AVAILABLE
movingtohotsprings.com,Niche — First-Time Buyers & Relocation,Register Now,Families relocating to the area,,AVAILABLE
hotspringsrelocationguide.com,Niche — First-Time Buyers & Relocation,Register Now,Comprehensive relocation resource,,AVAILABLE
hotspringsstarterhomes.com,Niche — First-Time Buyers & Relocation,Register Now,Entry-level & starter home seekers,,AVAILABLE
livinginhotsprings.com,Niche — First-Time Buyers & Relocation,Register Now,Lifestyle-focused relocation searches,,AVAILABLE
hotspringsnewresidents.com,Niche — First-Time Buyers & Relocation,Register Now,New resident resource & community guide,,AVAILABLE
hotspringsgatedcommunity.com,Niche — Luxury & Gated Communities,Register Now,Gated community & estate buyers,,AVAILABLE
hotspringsestates.com,Niche — Luxury & Gated Communities,Register Now,High-end estate property buyers,,AVAILABLE
hotspringsluxuryrealestate.com,Niche — Luxury & Gated Communities,Register Now,Broad luxury keyword capture,,AVAILABLE
hotspringsmilliondollarhomes.com,Niche — Luxury & Gated Communities,Register Now,Ultra-luxury $1M+ home buyers,,AVAILABLE
hotspringspoolhomes.com,Niche — Luxury & Gated Communities,Register Now,Buyers searching for homes with pools,,AVAILABLE
hotspringsexecutivehomes.com,Niche — Luxury & Gated Communities,Register Now,Executive & professional-class home buyers,,AVAILABLE
hotspringsvillagehomes.com,Taken — Direct Competitor Agents & Teams,Taken,Alissa Nead — RE/MAX of HSV,,Full agent site with IDX — 36 years in RE
hotspringsvillagehouses.com,Taken — Direct Competitor Agents & Teams,Taken,RE/MAX of Hot Springs Village,,Full brokerage site with listings & rentals
explorehsv.com,Taken — Direct Competitor Agents & Teams,Taken,RE/MAX of Hot Springs Village,,IDX search site for HSV properties
hotspringsvillagerentalhomes.com,Taken — Direct Competitor Agents & Teams,Taken,RE/MAX of Hot Springs Village,,Long-term rental & property management (since 1994)
hotspringsvillagerealestate.com,Taken — Direct Competitor Agents & Teams,Taken,Big Red Realty (Jim Buss),,Full brokerage site — in business since 1978
bestofhotspringsvillage.com,Taken — Direct Competitor Agents & Teams,Taken,Taylor Realty Group (Kimberly Taylor),,"Full team site — Hall of Fame, Diamond Award winner"
hotspringsvillagerealtors.com,Taken — Direct Competitor Agents & Teams,Taken,Michelle Perry (local Realtor),,Agent site for HSV market
hotspringsrealty.com,Taken — Direct Competitor Agents & Teams,Taken,Robert Pfautz Jr. — Hot Springs Realty,,Full brokerage — in business since 1946
yourhotsprings.com,Taken — Direct Competitor Agents & Teams,Taken,Bob & Robert Pfautz,,IDX listing site for Hot Springs homes
bergeronrealty.com,Taken — Direct Competitor Agents & Teams,Taken,Gail Bergeron — KW (Massachusetts),,Name conflict — another KW Bergeron agent
c21hsvrealty.com,Taken — Competing Brokerages & Offices,Taken,CENTURY 21 H.S.V. Realty,,Full Century 21 franchise office site
lakehamiltonrealty.com,Taken — Competing Brokerages & Offices,Taken,Lake Hamilton Realty (Terry May),,Active brokerage on Central Ave
trademarkrealestatehsv.com,Taken — Competing Brokerages & Offices,Taken,Trademark Real Estate (acquired by McGraw),,Full brokerage — recently acquired
trademarkrealestate.com,Taken — Competing Brokerages & Offices,Taken,Trademark Real Estate — Hot Springs,,Active brokerage site
americasbestproperties.org,Taken — Competing Brokerages & Offices,Taken,America's Best Realty,,New construction & manufactured homes
hotspringsfirstchoice.com,Taken — Competing Brokerages & Offices,Taken,Hot Springs 1st Choice Realty,,Competing local brokerage
hotspringsvillage.com,Taken — Community & Portal Sites (High Authority),Taken,HSV Real Estate portal,,Premium domain — community RE listings
explorethevillage.com,Taken — Community & Portal Sites (High Authority),Taken,HSV Property Owners Association (POA),,Official POA site with RE partner listings
hotspringsboardofrealtors.com,Taken — Community & Portal Sites (High Authority),Taken,Hot Springs Board of REALTORS,,Industry association — high domain authority
hotspringsforsale.com,Taken — Community & Portal Sites (High Authority),Taken,Hot Springs resort/property portal,,Premium generic domain
luxuryhotsprings.com,"Taken — Parked, Registered & Unavailable",Taken,Parked / registered,,Premium keyword domain locked up
hsvrealty.com,"Taken — Parked, Registered & Unavailable",Taken,Parked / registered,,Short HSV brand domain unavailable
hotspringsrealestate.com,"Taken — Parked, Registered & Unavailable",Taken,Registered (bot verification page),,THE most valuable keyword — competitor holds it
tbg.com,"Taken — Parked, Registered & Unavailable",Taken,"Gartner, Inc. (since 1994)",,Short brand domain — unobtainable
bgroup.com,"Taken — Parked, Registered & Unavailable",Taken,"BGroup Inc. (South Korea, since 1993)",,Short brand domain — unobtainable
